Workbook

Sheet Dashboard
B2: AI Device Inspector — Delivery Tracker
B3: Live view of the developer backlog. Figures update automatically from the Task Tracker sheet.
F4: By sprint
B5: Total tasks | C5: =COUNTIF('Task Tracker'!$A$2:$A$64,"?*") | F5: Sprint | G5: Total | H5: Done | I5: % | L5: Status | M5: Count
B6: Completed | C6: =COUNTIF('Task Tracker'!$K$2:$K$64,"Done") | F6: Sprint 1 | G6: =COUNTIF('Task Tracker'!$E$2:$E$64,"Sprint 1") | H6: =COUNTIFS('Task Tracker'!$E$2:$E$64,"Sprint 1",'Task Tracker'!$K$2:$K$64,"Done") | I6: =IFERROR(H6/G6,0) | L6: Not Started | M6: =COUNTIF('Task Tracker'!$K$2:$K$64,"Not Started")
B7: In progress | C7: =COUNTIF('Task Tracker'!$K$2:$K$64,"In Progress") | F7: Sprint 2 | G7: =COUNTIF('Task Tracker'!$E$2:$E$64,"Sprint 2") | H7: =COUNTIFS('Task Tracker'!$E$2:$E$64,"Sprint 2",'Task Tracker'!$K$2:$K$64,"Done") | I7: =IFERROR(H7/G7,0) | L7: In Progress | M7: =COUNTIF('Task Tracker'!$K$2:$K$64,"In Progress")
B8: In review | C8: =COUNTIF('Task Tracker'!$K$2:$K$64,"In Review") | F8: Sprint 3 | G8: =COUNTIF('Task Tracker'!$E$2:$E$64,"Sprint 3") | H8: =COUNTIFS('Task Tracker'!$E$2:$E$64,"Sprint 3",'Task Tracker'!$K$2:$K$64,"Done") | I8: =IFERROR(H8/G8,0) | L8: Blocked | M8: =COUNTIF('Task Tracker'!$K$2:$K$64,"Blocked")
B9: Blocked | C9: =COUNTIF('Task Tracker'!$K$2:$K$64,"Blocked") | F9: Sprint 4 | G9: =COUNTIF('Task Tracker'!$E$2:$E$64,"Sprint 4") | H9: =COUNTIFS('Task Tracker'!$E$2:$E$64,"Sprint 4",'Task Tracker'!$K$2:$K$64,"Done") | I9: =IFERROR(H9/G9,0) | L9: In Review | M9: =COUNTIF('Task Tracker'!$K$2:$K$64,"In Review")
B10: Not started | C10: =COUNTIF('Task Tracker'!$K$2:$K$64,"Not Started") | F10: Test | G10: =COUNTIF('Task Tracker'!$E$2:$E$64,"Test") | H10: =COUNTIFS('Task Tracker'!$E$2:$E$64,"Test",'Task Tracker'!$K$2:$K$64,"Done") | I10: =IFERROR(H10/G10,0) | L10: Done | M10: =COUNTIF('Task Tracker'!$K$2:$K$64,"Done")
B11: % complete (effort) | C11: =IFERROR(SUMPRODUCT('Task Tracker'!$H$2:$H$64,'Task Tracker'!$L$2:$L$64)/SUM('Task Tracker'!$H$2:$H$64),0) | F11: Go-live | G11: =COUNTIF('Task Tracker'!$E$2:$E$64,"Go-live") | H11: =COUNTIFS('Task Tracker'!$E$2:$E$64,"Go-live",'Task Tracker'!$K$2:$K$64,"Done") | I11: =IFERROR(H11/G11,0)
B12: % complete (count) | C12: =IFERROR(COUNTIF('Task Tracker'!$K$2:$K$64,"Done")/COUNTIF('Task Tracker'!$A$2:$A$64,"?*"),0)
F13: By workstream
F14: Workstream | G14: Total | H14: Done | I14: %
F15: WS1 · Foundations | G15: =COUNTIF('Task Tracker'!$B$2:$B$64,"WS1") | H15: =COUNTIFS('Task Tracker'!$B$2:$B$64,"WS1",'Task Tracker'!$K$2:$K$64,"Done") | I15: =IFERROR(H15/G15,0)
F16: WS2 · Capture | G16: =COUNTIF('Task Tracker'!$B$2:$B$64,"WS2") | H16: =COUNTIFS('Task Tracker'!$B$2:$B$64,"WS2",'Task Tracker'!$K$2:$K$64,"Done") | I16: =IFERROR(H16/G16,0)
F17: WS3 · AI engine | G17: =COUNTIF('Task Tracker'!$B$2:$B$64,"WS3") | H17: =COUNTIFS('Task Tracker'!$B$2:$B$64,"WS3",'Task Tracker'!$K$2:$K$64,"Done") | I17: =IFERROR(H17/G17,0)
F18: WS4 · Review & grading | G18: =COUNTIF('Task Tracker'!$B$2:$B$64,"WS4") | H18: =COUNTIFS('Task Tracker'!$B$2:$B$64,"WS4",'Task Tracker'!$K$2:$K$64,"Done") | I18: =IFERROR(H18/G18,0)
F19: WS5 · Records & data | G19: =COUNTIF('Task Tracker'!$B$2:$B$64,"WS5") | H19: =COUNTIFS('Task Tracker'!$B$2:$B$64,"WS5",'Task Tracker'!$K$2:$K$64,"Done") | I19: =IFERROR(H19/G19,0)
F20: WS6 · Insight & admin | G20: =COUNTIF('Task Tracker'!$B$2:$B$64,"WS6") | H20: =COUNTIFS('Task Tracker'!$B$2:$B$64,"WS6",'Task Tracker'!$K$2:$K$64,"Done") | I20: =IFERROR(H20/G20,0)
F21: General · Cross-cutting | G21: =COUNTIF('Task Tracker'!$B$2:$B$64,"General") | H21: =COUNTIFS('Task Tracker'!$B$2:$B$64,"General",'Task Tracker'!$K$2:$K$64,"Done") | I21: =IFERROR(H21/G21,0)

Sheet Lists
A1: Status | B1: Priority | C1: Sprint | D1: Workstream
A2: Not Started | B2: High | C2: Sprint 1 | D2: WS1
A3: In Progress | B3: Medium | C3: Sprint 2 | D3: WS2
A4: Blocked | B4: Low | C4: Sprint 3 | D4: WS3
A5: In Review | C5: Sprint 4 | D5: WS4
A6: Done | C6: Test | D6: WS5
C7: Go-live | D7: WS6
D8: General

Sheet Task Tracker
A1: Task ID | B1: Workstream | C1: Deliverable | D1: Task | E1: Sprint | F1: Priority | G1: Assignee | H1: Est (days) | I1: Start | J1: Due | K1: Status | L1: % Complete | M1: Notes / blockers
A2: T-001 | B2: General | C2: — | D2: Repo scaffolding, monorepo & coding standards | E2: Sprint 1 | F2: High | G2: e.g. Dev name | H2: 1 | I2: 46238 | J2: 46239 | K2: In Progress | L2: 0.6
A3: T-002 | B3: General | C3: — | D3: CI/CD pipeline (GitHub Actions) + SCA/SAST/secret scan | E3: Sprint 1 | F3: High | H3: 2 | K3: Not Started | L3: 0
A4: T-003 | B4: General | C4: — | D4: Terraform: staging & production environments | E4: Sprint 1 | F4: High | H4: 2 | K4: Not Started | L4: 0
A5: T-004 | B5: WS1 | C5: D-05 | D5: Design tokens + component library | E5: Sprint 1 | F5: High | H5: 3 | K5: Not Started | L5: 0
A6: T-005 | B6: WS1 | C6: D-05 | D6: App shell, navigation & layouts (3 surfaces) | E6: Sprint 1 | F6: High | H6: 2 | K6: Not Started | L6: 0
A7: T-006 | B7: WS1 | C7: D-01 | D7: Email/password auth + optional 2FA | E7: Sprint 1 | F7: High | H7: 2 | K7: Not Started | L7: 0
A8: T-007 | B8: WS1 | C8: D-01 | D8: Enterprise SSO (SAML/OIDC) + rotating JWT | E8: Sprint 1 | F8: High | H8: 2 | K8: Not Started | L8: 0
A9: T-008 | B9: WS1 | C9: D-02 | D9: Role model + permission matrix (server-side) | E9: Sprint 1 | F9: High | H9: 2 | K9: Not Started | L9: 0
A10: T-009 | B10: WS1 | C10: D-02 | D10: Per-role permission test suite | E10: Sprint 1 | F10: Medium | H10: 1 | K10: Not Started | L10: 0
A11: T-010 | B11: WS1 | C11: D-03 | D11: Postgres schema + migrations | E11: Sprint 1 | F11: High | H11: 2 | K11: Not Started | L11: 0
A12: T-011 | B12: WS1 | C12: D-03 | D12: Row-level security (multi-tenant isolation) | E12: Sprint 1 | F12: High | H12: 2 | K12: Not Started | L12: 0
A13: T-012 | B13: WS1 | C13: D-04 | D13: Station kiosk sessions (device tokens, idle lock, switch) | E13: Sprint 1 | F13: Medium | H13: 2 | K13: Not Started | L13: 0
A14: T-013 | B14: WS2 | C14: D-06 | D14: Six-state guided capture workflow UI | E14: Sprint 2 | F14: High | H14: 3 | K14: Not Started | L14: 0
... A64: T-063 | B64: General | C64: — | D64: Pilot line monitoring + go-live cutover | E64: Go-live | F64: High | H64: 3 | K64: Not Started | L64: 0
A66: HOW TO USE
A67: • Fill the shaded input columns as work proceeds: Assignee, Start, Due, Status, % Complete, Notes.
A68: • Status & Priority & Sprint & Workstream are dropdowns. Status colours the row; overdue Due dates turn red.
A69: • The Dashboard sheet totals everything automatically — no need to edit it.
A70: • Add a new task by copying a row; keep the Task ID unique (T-064, …).

Sheet Milestones
A1: ID | B1: Milestone | C1: Target | D1: Type | E1: Payment % | F1: Status | G1: Actual date | H1: Notes
A2: M1 | B2: Foundations live | C2: End W2 | D2: Demo | E2: 0.15 | F2: Pending
A3: M2 | B3: First device graded end to end | C3: End W4 | D3: Demo | E3: 0.15 | F3: Pending
A4: M3 | B4: Review & grading accepted | C4: End W6 | D4: Demo | E4: 0.15 | F4: Pending
A5: M4 | B5: Feature complete · code freeze | C5: End W8 | D5: Gate | E5: 0.2 | F5: Pending
A6: M5 | B6: UAT & accuracy signed off | C6: End W10 | D6: Gate | E6: 0.15 | F6: Pending
A7: M6 | B7: Production go-live & handover | C7: End W12 | D7: Gate | E7: 0.15 | F7: Pending
A8: — | B8: Warranty end (final payment) | C8: +90 days | D8: — | E8: 0.05 | F8: Pending
D9: Total | E9: =SUM(E2:E8)
